URL,Username,Password,Status,Details
http://gestaoimobiliaria.com/,N/A,N/A,failed,Not WordPress
https://www.pugetlawgroup.com/?utm_source=google&utm_medium=organic&utm_campaign=gbp-listing-seattle,N/A,N/A,failed,Username not found
https://icondentaldenver.com/?utm_source=google&utm_medium=organic&utm_campaign=gbp-listing,N/A,N/A,failed,Username not found
https://www.jurewitz.com/?utm_source=GMB&utm_medium=organic&utm_campaign=san-diego,N/A,N/A,failed,Username not found
https://bjattorneys.com/,N/A,N/A,failed,Username not found
http://www.antonyanmiranda.com/,admin,N/A,failed,No valid password found
https://www.injurytriallawyer.com/?utm_campaign=gmb&utm_medium=organic&utm_source=google,N/A,N/A,failed,Username not found
https://tirarnif.pt/,tirarnif,N/A,failed,No valid password found
http://www.fernandesresende.com.br/,admin,123456,success,Valid credentials found
https://www.seattledentalassociates.com/?utm_source=google&utm_medium=local&utm_campaign=gbp,N/A,N/A,failed,Username not found
https://www.choquettelaw.com/?utm_source=gbp&utm_medium=organic&utm_campaign=gbp-website-seattle,N/A,N/A,failed,Username not found
https://gsaativos.com.br/,N/A,N/A,failed,Not WordPress
https://www.mckenziescott.com/,arash,N/A,failed,No valid password found
http://www.comsind.com.br/,operacao,N/A,failed,No valid password found
